Risk,Return,Color
0.51139478225245,1.164828940635273,0.02681804544287661
0.7644648095521088,1.218920572270711,0.12772561548695985
0.39065833380399817,1.0650251971583775,0.0016264386652322556
0.8015039037098659,0.9300787642149013,0.43601205158015494
0.2431296380271093,0.4615889006328268,0.03907571722335686
0.6577260582251516,0.9778906206738607,0.3087632112641416
0.24090431548939828,0.4950710346470217,0.00559358320916196
0.7040549483300028,0.813965161379431,0.5001109158907429
0.5375629616963614,1.1998018620244266,0.007244357593231348
0.9211527220302971,1.3104891522234905,0.10586671905713826
0.5215395452394695,1.0646958663404618,0.13477590823260702
0.3125520930899632,0.8743868797479817,0.00456932654329921
0.42581427925124254,0.9528002266298339,0.15137844332930173
0.9825188052308979,1.109206020150158,0.3298728144773196
0.5874312149833453,0.9483410959530403,0.29439345174355086
0.7582808402546516,1.325994215352147,0.015467034923627644
0.290809332583389,0.737591650091456,0.04665456842584012
0.42253735063829534,1.049478981746553,0.0546996882125826
0.30213247753709976,0.7177061121275736,0.11553276149999868
0.7952910377251782,1.2197976447563386,0.1416026213065264
0.7125452711054718,1.1614154314446425,0.158139301914549
0.6343534441765805,1.1708384842163597,0.10405458272497237
0.8469669261341236,1.3368340593378403,0.046923767208953276
0.32310748393116173,0.8758884752879604,0.03835243848363235
0.40151419694543167,1.0674646912818386,0.012879193389999
0.35998116687910564,0.95014157138536,0.04773636293151669
0.5822546740145056,1.2207196288852664,0.02201491881132488
0.3275411026049361,0.6365191884404721,0.2777217253311207
0.7118017585638973,0.9077349094487914,0.4118198239104
0.707891659022637,1.1073810752418587,0.20669500202831523
0.5230823590627368,1.0922761575586317,0.107195617014437
0.5496629016858278,0.8740764604307163,0.34040259624419594
0.9250342249137232,0.9186693044671271,0.49768656681350165
0.8274478324221373,1.1736667321422385,0.2014785361742014
0.3219533293646388,0.8946042243601251,0.019636689411467654
0.5812299986997972,0.9636456538329804,0.2790888938636108
0.7632211378579238,0.9835152591440188,0.3631309286136521
0.38979926505902707,1.0014113600730956,0.051238426292460504
0.5330752555707381,1.000036856670466,0.2070093629471918
0.36821782897821476,0.9349006425995843,0.08284349566716105
0.5547163233297306,0.8142264656797585,0.4075460441348774
0.31981897276224525,0.8159866397383285,0.06296956655295236
0.40580062664656924,0.9322806336691507,0.14806325100268697
0.28642057834236795,0.6014834278390281,0.11628522468828043
0.5783714443272849,1.1236718675940114,0.11211466244050765
0.769115668643822,1.0546464683081531,0.2919997194495178
0.6419185395286024,1.2320722149372583,0.048777803278137445
0.6236437710543127,1.2378722197556307,0.030902351960909222
0.6950374784544664,1.170556875221654,0.1380617277278487
0.5808683867219951,1.1738872067986468,0.06884734089794449
0.7710127630550857,1.1230609238148956,0.22864500314154204
0.39079089815470236,0.9820995973063987,0.08455203851721109
0.5296566253558848,0.8657304999165957,0.3337412746564731
0.965409909949237,1.0498796663361785,0.38155716962966296
0.5848829069927138,0.9663058791512453,0.27642866854534587
0.9270313240871024,1.2776126433954693,0.13874322788515936
0.5935566798417894,1.2231424735668563,0.0262938880155436
0.9312489506111951,1.36085293882815,0.05933714924503688
0.4757262270578272,1.1123325551454708,0.044558594553733594
0.8040571909770569,1.107554058067532,0.2585367577275242
0.67817181215764,1.2072915830267066,0.09055137835132111
0.6284462134463661,1.2057114558631135,0.06306311585342644
0.27064862319612804,0.6355764419510337,0.03594188210734783
0.7039702406668747,1.2849495177249988,0.02912655954517513
0.4696093056803994,1.057993755484169,0.0892311581510989
0.8421501487080685,1.157860568283229,0.2258972582635646
0.5868885704053005,1.1500630144860327,0.09267153321055847
0.7492401727775465,1.2559907111766238,0.0801042723436993
0.3113476711234448,0.8238765632748362,0.05507964301644471
0.43917818038380263,1.0863883103121488,0.028879400415520718
0.22845792040903254,0.3600023119914329,0.006144848831437488
0.37213108367610126,0.9962155966477485,0.03940271362577071
0.7190151776351946,1.120732748787698,0.19882198457149367
0.9186170514806772,1.1580184442718813,0.25443532093102644
0.8980451492679007,1.3688011090951393,0.0356130600153995
0.5914266499973698,1.2276143526293233,0.021822008953076708
0.9140358630179032,1.3584335353067518,0.054020229896155875
0.7339125197008743,1.2304713934120048,0.10006123165142314
0.24205677112173643,0.4249803129367435,0.07568430491944016
0.22549622332467562,0.3119249988630891,0.05422216195978129
0.4150617982930973,0.87872347882299,0.21380751115933924
0.48774350649934783,1.157132834536536,0.00887437192540715
0.7688965159211395,1.336300438072904,0.010345749684766913
0.8055518445117718,0.9140111700906498,0.4520796457044064
0.5799597910038157,1.216853259315289,0.018933270719230098
0.7719078238946917,1.3441763065944101,0.007529620362027563
0.9430997453825876,1.419901473225146,0.0040532283230609945
0.7380925125788406,1.2888497906942136,0.041682834369214286
0.5359075200904497,1.130731579264048,0.07631464035360987
0.7631514441592943,1.3248265974287632,0.021819590328907776
0.5183711037272067,0.8777928618419324,0.3138541242362171
0.5889088885965537,1.0714980652718744,0.1712364824247167
0.22008511988916282,0.3642935649321008,0.001853595890769591
0.5004491288813057,1.108911518464927,0.07461973658107411
0.33006499761926633,0.6552844071390582,0.2926273864316951
0.9050396046851573,1.2856377206992213,0.12284407350522877
0.9751018424232414,1.2937231155492845,0.14154246816444105
0.7931041953614298,1.18947160768366,0.17192865837920507
0.7931130800430778,1.0896164077039692,0.27178385835889596
0.8771364149153742,1.159091222046194,0.2370705626160348
0.43407834636806136,0.8812655384481225,0.23400217227954684
0.48928346558935853,0.9938894975961197,0.17211770886582345
0.4152672778743247,0.9457181455774579,0.14681284440487125
0.4182284543838841,0.9800829025624944,0.11244808741983485
0.3458321053319309,0.7772810044621992,0.19739955436186246
0.7865059991126989,1.202931887554405,0.15368688330561864
0.6290680743513218,1.084525614963864,0.18424895675267583
0.8747009453317677,1.3229323353692473,0.07322944929298157
0.3657884884069521,0.8387743712135983,0.17896976705314704
0.39337865400213934,0.8686632485635404,0.19798838726006945
0.8391080134900858,0.9272803382688761,0.4522256487902128
0.4738164628633994,1.150096439931048,0.00679470976815633
0.805110069648541,1.3090840661500192,0.05700674964503701
0.9123890030748355,1.2467079685882299,0.16574579661467792
0.9019049047971516,1.401544891600537,0.006936902603912946
0.6604742990865751,1.0228408239978986,0.26947976362563897
0.5704849083864543,0.8889293599247433,0.3468571701097757
0.6731068349314244,1.29674915019202,0.0010938111860076443
0.3467818174153302,0.7429410093628127,0.23173954946124886
0.28289739485717585,0.5283111765436905,0.18945747598361798
0.6569141537148977,1.2006468646396484,0.08600696729835383
0.4555640770569248,1.0821470147190397,0.05480305097154931
0.3017376957989961,0.8230856413106152,0.010153232316957092
0.8655100018957901,1.3021301035622983,0.08987718507276067
0.8432808024598926,1.3464761787587605,0.03728164778803312
0.2300723128604676,0.40433520435482717,0.030626849953676184
0.823006050485863,1.3651263045320672,0.010018963784372614
0.4376331004632741,0.8968037752133721,0.21846393551429735
0.4010597823804702,1.0026142639438917,0.07772962072794584
0.703326731235562,1.0426424689047626,0.27143360836541114
0.9608672650515467,1.3441152746437686,0.08732156132207274
0.9725497325061054,0.9764876718565061,0.45877791185721944
0.22272679509666077,0.2910701280244093,0.0750770327984611
0.8868752368039602,1.2203148304417368,0.17993285294536418
0.2625483208644938,0.47348973485417256,0.13128520471683836
0.5373760204002624,0.9943293554947,0.2127168641229579
0.3148057423707322,0.8270390164015669,0.05191718988971403
0.9296030806532425,1.3140817350939167,0.10227413618671215
0.5498092347848758,1.1989245271985132,0.015554529476399117
0.6216753970549648,1.0070645212973501,0.2617100504191898
0.44534266138115863,1.0684590894022965,0.05781044802374819
0.4736045995296594,0.6791952576678868,0.4776958920313177
0.5269086724056915,0.9893794060929377,0.21009236848013096
0.8826662888305067,1.3510107843286718,0.049236899058428985
0.8001598230939932,1.1154028170966719,0.2506879986983843
0.9052074966164656,0.9661438663633187,0.44233792784113135
0.8501158081418441,1.3128366749179274,0.07507993571785461
0.7251974202617136,1.280473250631085,0.04443023960451552
0.32167149284721946,0.5525842621004633,0.3616566516711295
0.6900276546949732,1.2359369177902138,0.0726816851592888
0.9742290070421388,1.3772914170943786,0.05797416661934703
0.7834739288634053,1.2487880926406805,0.10783067821934328
0.8140373773562438,1.2858490899717132,0.08481578682449784
0.4353270298974473,1.041036185498728,0.07423152522894136
0.8747571416958589,1.3275995582965916,0.06856222636563705
0.7512662039532879,0.947360342263299,0.39410090801247555
0.8232803519069463,1.2952593370332075,0.07988593128323236
0.7858331375953966,1.2362414520634164,0.12037731879660724
0.9159731765329631,1.179421638144351,0.23303212705855675
0.8802192210722112,1.3388353124771772,0.061412370909923596
0.7324849263675398,0.9192141308818451,0.41131849418158284
0.2564910735364559,0.5478041080707188,0.006696192118842177
0.44884147295721877,0.9342004716021475,0.19206906582389724
0.6786550186695947,0.8688491230862772,0.4289938382917506
0.948996077060977,1.4211189544015184,0.0028357471466887397
0.8031453913476116,1.174597002608061,0.19149381318699518
0.9664722293672213,1.3718331703027067,0.05960366566313466
0.22020447794645634,0.3478143942157936,0.018332766607076816
0.4355028669074169,1.0389679073917568,0.07629980333591248
0.3675470612807914,0.9878485684480514,0.029895569818693964
0.7361440120550975,1.2616291204077676,0.06890350465566032
0.8770869374007282,1.0860588151689665,0.3101029694932621
0.7215273302526561,1.0843152897199269,0.24058820051567353
0.2577696114263547,0.49221014882213054,0.06229015136743044
0.33111180523748235,0.8410082636458626,0.10690352992489081
0.6943159687512478,1.2118449801565812,0.09677362279292148
0.34956404185296736,0.9226290207258722,0.0520515380981894
0.48117926239234043,1.0989385070679678,0.06706869939397536
0.48910064726389535,1.156879130016953,0.009128076444990084
0.2631069956499035,0.5360203399301566,0.06875459964085433
0.8559053650652932,1.3352859288187828,0.05263068181699931
0.5015702921658313,1.0040332902508622,0.17949796479513896
0.9178948893743845,1.3706978966704997,0.04175586853240789
0.5541232153225796,1.0964076235428262,0.12536488627180967
0.7878751556394067,1.205273154351785,0.15134561650823877
0.730268189957482,1.2873041088512687,0.04322851621215939
0.520252925451961,1.1095251493758806,0.08994662519718809
0.4802770875667488,0.9933886015027192,0.17261860495922388
0.6901418455748769,1.226360636933075,0.08225796601642758
0.8533058575328301,1.2244288384885524,0.16348777214722954
0.83515140326461,1.0936538207956426,0.28585216626344634
0.4605581878651971,1.0468502285121895,0.10037468512307843
0.9653791636243416,1.0864256824286729,0.34501115353716844
0.3942816428466264,0.9766180227064178,0.09003361311719192
0.8444116737307146,1.2585548080576932,0.12520301848910048
0.5387788697861022,0.9277631905724029,0.279283029045255
0.8415731518424887,1.3152847279165376,0.06847309863025605
0.7769221340840875,1.2752922671740687,0.07641365978236896
0.41583387265341065,0.9728975974429309,0.1196333925393983
0.45774839642644016,0.9542921486749587,0.18265791701563044
0.4546912713406426,1.101599242564283,0.035350823126306045
0.43357461061270747,0.8746886524918596,0.24057905823580977
0.6839673616442655,1.1640305410653584,0.13922865061274048
0.48994653516051345,1.0141884051558994,0.1518188013060437
0.6860342302228459,1.2612129180351235,0.042046273642975314
0.38910239260745294,0.8061980979949809,0.24645168837057527
0.472777815156166,0.9100844950886466,0.24680665461055787
0.2532311735291433,0.48417986583244665,0.07032043435711431
0.5120300221130796,1.0166357530543708,0.17501123302377872
0.43446369901933746,1.0985770916368478,0.01669061909082163
0.9530355822108603,1.4057888148504967,0.02184688934404163
0.3887281971176546,0.7944382732615184,0.2582115131040378
0.5257105464006347,0.9288124900235193,0.2706592845495495
0.8135429735717777,1.21089328197527,0.159771594820941
0.24207786108874438,0.42090278173628565,0.07976183611989802
0.6029264446881957,0.9189948459662061,0.3369303723535731
0.7326043055594508,1.0811051908799365,0.24942743418349153
0.52943888401955,1.0322235886398676,0.167248185933201
0.9148350548875158,0.8641037950582241,0.5483499701446836
0.5886441064402193,1.0547129441153817,0.1880216035812095
0.6543951523975318,1.1375008736548338,0.14915295828316852
0.9551715083500636,1.3610620445914159,0.06657365960312238
0.5959461224690051,1.0724846572548914,0.17695170432750862
0.7161564847385379,1.2500840953185444,0.06947063804064707
0.6557722909389385,1.022553177540542,0.26410065439746033
0.62512380657438,1.1765684010830642,0.09220617063347573
0.8100785973607001,1.3099020436015543,0.060762833194656814
0.5148547874604057,0.8452205490101972,0.34642643706795234
0.4651824947283404,0.7858673309669426,0.36135758266832535
0.3032861866521396,0.7879817057647281,0.04525716786284414
0.9059385508866061,1.1904289883469712,0.21805280585747894
0.4119899479349054,0.903963981907177,0.1885670080751523
0.8256146837114435,1.2256922850556717,0.14945298326076803
0.8813695719201785,1.1891931596810354,0.21105452370606548
0.3417458874572573,0.9578816787399993,0.016798880084062218
0.782376188093007,0.9915887170247148,0.36503005383530884
0.863077474459062,1.3013377503625907,0.09066953827246829
0.7186186838171494,1.2285377581153598,0.09101697524383177
0.39932575888356875,0.950871339887356,0.11578029593625383
0.3891389814252626,1.0063520120008478,0.04629777436470846
0.8829488703603569,1.197291442275396,0.202956241111705
0.9236252644722485,1.2981415005225454,0.11821437075808339
0.4647195123483075,1.066850716142545,0.0803741974927231
0.6848288499399237,1.2652970541276602,0.03796213755043872
0.8163544962381502,1.3029958418438168,0.06766903495239429
0.28222459774250463,0.7114482429592386,0.0063204095680699296
0.532193790089087,1.0870862569690773,0.11995996264858046
0.42861856390012876,0.7293984248110893,0.3747802451480463
0.48517273859569066,1.132566070944641,0.033441135517302115
0.6178665378204066,0.921701331030369,0.3407553043993201
0.4739349119160394,0.9646383628597749,0.19225278683942956
0.9764764847389757,1.297011768962194,0.13825381475153153
0.4512887139751951,1.1343396683867852,0.0026103973038039668
0.9371883166711068,1.0612788357868737,0.3589112522863133
0.5486092508541294,1.0157908705742171,0.19868818610069505
0.37145105367680875,0.7626875713179119,0.2729307389556074
0.6074581035576703,1.1513013982124574,0.10462382010732177
0.8043747507568582,1.261139798972703,0.10495101682235329
0.5083089092636636,1.0627395216239102,0.12079173342209093
0.4007644985301333,0.9493533205712411,0.1309905641005965
0.3595628999934103,0.9139931712010307,0.08388476311584608
0.9341942977408653,1.3676561170764183,0.05253397099676862
0.33504623231470415,0.884403123758193,0.0635086698125604
0.9788585934623457,1.3621580052152094,0.07310757849851625
0.47310484120334506,1.1007891837398527,0.05610196595935174
0.8783809440877097,1.2243864420981871,0.1717753425640416
0.8467704328428564,1.1083683855186592,0.2753894410281343
0.5956123369584622,1.0569477177722049,0.19248864381019518
0.27075175494126585,0.5518034638414668,0.11971486021691466
0.3281681331338106,0.7116742900223775,0.20256662374921533
0.31370527767961776,0.7798136652956572,0.09914254099562365
0.5320780499037785,1.18474472900199,0.022301490615668065
0.7666386680521735,1.2498461175897435,0.09680007016792758
0.3764234843436497,1.0138031251049036,0.02181518516861558
0.6770438977085248,1.1295811190444782,0.1682618423335496
0.8451889720914889,1.290079688743461,0.09367813780333278
0.29882889205199686,0.720749060356988,0.0634971581603081
0.9035350523321289,1.126320535412615,0.2821612587918353
0.3938739031049554,0.933025391307333,0.1336262445162768
0.6281952030860345,0.9540021416705124,0.3147724300460275
0.7755911904678127,0.8926982968135229,0.45900763014291496
0.35719776756254196,0.9077319947206915,0.09014593959618526
0.6439781460469041,0.9856795703349993,0.29517044788039637
0.4942156121348532,1.001979380866652,0.17306320011838086
0.5333287572288193,1.0916630232390412,0.11538319637861666
0.46747156595066797,1.068876144198114,0.07834876943715388
0.4701561993216792,0.7890705738117172,0.3678205758874873
0.47349048459637577,0.9877611860875618,0.16912996361164265
0.46232072670583757,0.909407914521106,0.23781699911416185
0.694842939520468,0.93599064162954,0.37262796131996256
0.624004655725004,0.9149447771365949,0.353829794579945
0.7845333581575451,1.3335552383059393,0.02306353255408434
0.27322910910513143,0.6040548836504785,0.067463440407903
0.9337681604441161,1.1854701736643014,0.23471991440888557
0.2837725517520248,0.7023954359883487,0.015373216538959768
0.5903221160536998,0.9999885595961608,0.24944780198623923
0.7583241700751847,1.2892439822975317,0.05221726797824295
0.363238434586167,0.9314281668080318,0.0863159714587136
0.5255275149899763,1.1507674183675194,0.048704356205549464
0.3730345339037344,0.9968324382429616,0.03878587203055758
0.880857095905876,1.2923941584176042,0.10785352496949663
0.5268936938702288,1.1493227543625653,0.05014902021050339
0.48154076358245523,1.0184963361209693,0.14751087034097368
0.4255257723495167,1.0204649884700114,0.08371368148912407
0.7323909165562427,1.013335467879344,0.31719715718408387
0.6523714582942353,1.058963041203483,0.22769079073451945
0.7259688120279709,1.3141852548284783,0.010718235407122273
0.31082234258969776,0.6359528412850456,0.2430033650062353
0.7055800557888005,1.1688711117016863,0.14520496556848747
0.7822015005793602,1.179276896294951,0.17734187456507272
0.24706707638685899,0.4453721686469914,0.05529244920919222
0.417082208868501,0.8513533661907386,0.24117762379159058
0.30022903153267916,0.6798489844242143,0.15338988920335805
0.7454701031496728,1.3343676839605352,0.0017272995597878806
0.7801394670903989,1.1515565174837732,0.2050622533762506
0.631749392381717,1.232613502004454,0.042279564936878136
0.4737728318224621,1.0399640608190037,0.11692708888020079
0.8822369271052033,1.0397114651603667,0.3605362182267342
0.301255708386727,0.7666555659039396,0.0665833077236328
0.46734898824005816,1.0877071450809819,0.05951776855428597
0.5515648700455569,1.1961755179505675,0.025596991864068372
0.2760269176313334,0.6286596332020423,0.042858690856339234
0.2999618826865628,0.6876439345082063,0.09660228400908989
0.25230893791738884,0.4567046568334252,0.09779564335613575
0.38078390854559263,0.9027378094012686,0.14991197696428754
0.2699476535994317,0.4584591627543646,0.1463157768166463
0.688155444181302,0.9768723417035103,0.3263868499745886
0.39718597830362656,1.016315368592194,0.050336267231415925
0.5519349338432931,1.1977039744697953,0.024068535344840707
0.22499146973629539,0.3605551300482639,0.005592030774606523
0.8678696014736962,1.3343551933462314,0.05765209528882753
0.5893012516050588,1.030864120173555,0.21187042752303603
0.7990046274287154,1.1117447710828676,0.2496554949799973
0.7675158725160605,1.2635649168753256,0.0830812708823455
0.2817393586035146,0.6205641800435876,0.0972044724837209
0.4572349369787859,1.0276552022446537,0.10929486344593535
0.6338527144326448,0.7813649205958508,0.4935281463454812
0.30550392207637245,0.6218847527041529,0.2113541209234195
0.9134386441086945,1.283536990886533,0.12891677431637458
0.2327104278912836,0.3972129924342291,0.037749061874274306
0.22482022438398142,0.356237569085876,0.009909591736994397
0.8316819749818712,1.2618520379276923,0.11765394913139661
0.8089365511374279,1.0833353943008728,0.2827554214941833
0.774936669817552,1.1410323917744085,0.21067353518202925
0.4449726629022718,1.0090868860635434,0.11718265136250142
0.7605481232173282,1.159472963098625,0.18717322465904618
0.6225897206292411,1.0105119690678688,0.25826260264867124
0.7198594345077145,1.28613810530679,0.03341662805240153
0.8996296256014719,1.1529086085161528,0.2515055605943859
0.5919821847183135,1.1373225754223242,0.1121137861600758
0.5237938423815667,1.1590610636321221,0.04041071094094652
0.9008688098613531,1.0798084045675458,0.3286733896369043
0.7263754316966525,1.140942176622628,0.18396131361297252
0.7992391921182624,1.252064864733363,0.10933540132950198
0.22774950659400078,0.346326548738937,0.019820612083933403
0.536225915039006,1.1896988970070643,0.017347322610593584
0.7882943971418109,1.3155590344138763,0.04105973644614744
0.712595692710934,1.2431113645668972,0.07644336879229423
0.7462061731425148,1.2153793541808193,0.12071562933950372
0.5722311106404743,1.0631767702482329,0.17260975978628612
0.4481619612281247,1.0648376071462684,0.061431930279776344
0.5381178456672304,1.0706209900332384,0.1364252295844194
0.4452757450331647,1.0226198685056127,0.10364966892043213
0.6146165179665756,1.1628785166683098,0.09957811876137938
0.26547777439144493,0.5824112362704462,0.022363703300564693
0.757949654589745,1.0804016563903118,0.2610595938854628
0.5403040919665656,1.1209340942097605,0.09354496246515166
0.8933967641965025,1.3672551367036412,0.037159032406897455
0.8485672961463068,1.372782881120463,0.010974945426330648
0.5297490553903684,1.1700292346856598,0.029442539887409042
0.48788118284733306,0.9018555759435997,0.26415163051834345
0.680044050869026,0.9443671567970453,0.3588920348810536
0.49578171489021083,1.141745982709413,0.03329659827561986
0.5761622596809031,1.004913263243045,0.2308732667914739
0.4885847710231185,1.11705477934094,0.048952427121003166
0.9274229136670352,1.333200854616089,0.08315501666453981
0.2212358377109429,0.28414816619850713,0.08199899462436326
0.9585373278786965,1.3028874903728178,0.1247482138217204
0.4486285105719402,1.0672360554620994,0.0590334819639454
0.2724706390412937,0.6648653070031866,0.006653017055194952
0.804168380803779,1.3660247784142379,6.603738081841024e-05
0.7882171392394949,1.328239667835298,0.02837910302472571
0.39401729194125323,1.0496840616576355,0.016967574165974265
0.38441741700450927,1.0357788765157498,0.016870909849806364
0.7250999588263233,1.3076903456352746,0.017213144600325827
0.7541945430947107,1.182188711592855,0.15927253868291943
0.8984033946696504,1.3474189673392907,0.056995201771248
0.4028374966336816,1.0583635029666325,0.021980381705205023
0.6362608183742076,1.112820567615187,0.16207249932614498
0.9099876182024601,1.394875226987803,0.013606567216646959
0.25211105421466956,0.5285524778744364,0.025947822315124547
0.9717372386906252,1.0457202476001424,0.38954533611358333
0.5888486638975373,1.1355333401628553,0.10720120753373576
0.4141777928396742,1.0736963362325684,0.018834653749760857
0.8000930129633151,0.9833460697872891,0.3827447460077671
0.512706953692651,1.0893266783551154,0.10232030772303402
0.41314598475880776,1.0635577284836493,0.028973261498679855
0.33561112648238484,0.8485355106628647,0.09937628290788865
0.27296937991802206,0.6243979749415149,0.0471203491168666
0.500314476514129,1.04849904215441,0.13503221289159098
0.889078207608144,1.2377228691262743,0.16252481426082668
0.6284815606310706,1.1902953606209847,0.07847921109555529
0.59857327937875,1.056574631932762,0.19286172964963808
0.9466406515299554,1.3092559368321472,0.11469876471605978
0.4726642803805353,0.8996096642334883,0.25728148546571616
0.3822204031571263,0.8436587398446045,0.20899104652095163
0.4685140460423517,0.9464301515840362,0.20079476205123167
0.7276193263998504,1.3125067524349143,0.01239673780068619
0.48830015658139636,1.0431781895110557,0.12282901695088744
0.5358637927697468,1.018141525578665,0.18890469403899285
0.2919191464432399,0.5613973372286997,0.2228488812885965
0.5166812601676203,1.035230689738718,0.1564162963394316
0.8207157482433459,0.9849878227484057,0.39015744556803417
0.907370555582588,1.1838456274372369,0.22463616676721312
0.6927612053478531,1.1106067093014054,0.19801189364809735
0.909960018923739,1.2498781111301576,0.15860368307429246
0.51288117633797,1.039161450530791,0.15248553554735877
0.9049304219814465,1.4041423909499255,0.004339403254524443
0.22573157809169234,0.3592134676884065,0.006933693134463909
0.8773827056634158,1.011962523149754,0.38419926151247474
0.8570877209551049,1.1908177507811675,0.19709885985461467
0.33980403404528337,0.7765005141127012,0.1714112794580522
0.6436226654095757,1.194003853805236,0.08684616441015972
0.8461959427641293,1.2806563418077639,0.1031014847390296
0.5088439795910985,1.0908699274497649,0.09266132759623627
0.22932335657532668,0.3199213752282404,0.046225785594630024
0.6653628542639046,1.2515365143447013,0.0407840732788362
0.9762374220454727,1.3893587789683353,0.04590680474539031
0.8386091720245011,1.022126973210412,0.3573790138486769
0.7440735030964172,1.3238593768779565,0.01223560664236646
0.679426459193103,1.1131306387046174,0.1847123226734105
0.8507698300442679,1.3221198615323373,0.0657967491034447
0.23079385404101085,0.38449478885460003,0.050467265453903364
0.25132315120472914,0.4461221055598017,0.10837819462975928
0.3139878323263701,0.821826714065625,0.05712949222565586
0.23274458218331343,0.39809304267558826,0.03686901163291513
0.8011982026726865,1.299467253443038,0.06662356235201815
0.44920112852713556,0.986767129000005,0.13950240842603978
0.9509845389709848,1.1002670772927252,0.327368626901813
0.28164018345536324,0.6263460196044723,0.0914226329228361
0.6956826094838618,1.0797422801819128,0.22887632276758996
0.672773793077577,0.8572600302797774,0.4405829310982504
0.9229586720755186,1.3006135395103249,0.11574233177030392
0.39406148670007857,1.0607730851619048,0.005878550661704867
0.7036886703673946,1.29752452412156,0.01655155314861389
0.8444283587673196,1.1435438146733488,0.24021401187344485
0.6928759343717928,0.9030283953263559,0.4055902076231467
0.9180138959970118,1.2736858241287727,0.13876794107413495
0.7299162635382229,0.8784247643371099,0.4464787258984906
0.6301863055180167,1.194970604068929,0.07992246287240314
0.6046832264636008,1.1496365030730706,0.10628871524670852
0.4462191394292945,1.012005599186088,0.11426393823995688
0.7878590530877404,1.1595609807680094,0.1970577900920142
0.824148732084131,1.2039732863707566,0.1711719819456831
0.344995354240343,0.8751888243707922,0.09949173445326948
0.4003582857146948,0.929145243398541,0.15119864127329666
0.3410213233510968,0.7278202219655254,0.24686033685853617
0.30140080987721024,0.7961992239766128,0.03703964965095949
0.5003433064038245,1.1573524493984448,0.026178805647556255
0.3979213667352416,0.9232494481678262,0.1434021876557836
0.28279391084426025,0.627780537775452,0.08998811475185656
0.5191107573028128,0.8587778183358841,0.33286916774226544
0.5723678148847374,0.8854482860717421,0.35033824396277685
0.6763474409481677,1.0934788128217854,0.2043641485562425
0.97958055632372,1.403257126783772,0.03200845692995369
0.9081433250028805,1.3469472164224054,0.06153457778204473
0.41556880344676506,0.9435025491264658,0.14902844085586345
0.2467493378649383,0.4342547760926226,0.06640984176356109
0.7974310605715097,1.2498153603278597,0.11158490573500537
0.3084963134762513,0.7407435694958264,0.09249530413174588
0.24042042743478562,0.4660696751544084,0.034594942701775246
0.5760432717285506,1.0975400227604117,0.13824650727410737
0.7371020956752079,1.2673846331327732,0.06314799193065489
0.39559674332997763,0.9216399760825686,0.14501165974104108
0.8967596884621701,0.764944041565038,0.6394701275455007
0.29580054845114506,0.7620731984706232,0.022173020046672934
0.383329435016385,1.044247965297686,0.008401821067870215
0.43593033132248127,0.9451749103064598,0.17009280042120958
0.7949203343873656,1.3563353362023394,0.005064929860525562
0.8929813281317681,1.2640223228762786,0.14039184623426015
0.6102132411377061,1.1967598678459757,0.06569676758371357
0.49665501937662493,0.9199493792113013,0.2550932017737316
0.42488644424371147,1.0565892525920901,0.04758941736704537
0.576195777667655,1.1265786590386235,0.10920787099589555
0.8518483691048372,1.33852695679772,0.04938965383806201
0.5462503539955093,0.936887425048609,0.27759163162630324
0.9071039310617258,1.192985830014729,0.21549596418972125
0.5660776237058668,1.102894523051294,0.12594504578601715
0.6715042699735043,1.2702784797300026,0.02756448164802516
0.516154636837302,1.1078105145694785,0.08383647150867111
0.8410796407392166,0.7658557704947346,0.617902056052059
0.5668035660799206,1.0404458581903544,0.18839371064695692
0.48323634170913843,1.1400016067082714,0.026005599753671695
0.7129022536777264,1.2867298353548209,0.03282489800437066
0.6129759734991606,1.1779159450238577,0.0845406904058314
0.6642503973686453,1.243558991761655,0.048761595861882535
0.6100093386167628,0.8995635906757242,0.36289304475396494
0.5142467150936935,1.1261888418341968,0.06545814424395288
0.6005461671238267,1.122678754028915,0.13324646429086429
0.3640075775816065,0.916160869507101,0.1015832687596444
0.29514624582431753,0.6555086607707352,0.12873755774656093
0.9346662017429659,1.294381453044254,0.12580863502893308
0.9602423486599155,1.2663620113343192,0.1650748246315221
0.94211622825115,1.3144676076478434,0.10948709390036365
0.6944809341989331,1.3066534412743898,0.0019651616751128007
0.610736683249096,1.0743837375335819,0.18807289789610737
0.5616499329147012,1.0179673724116753,0.21087219642563582
0.33702570431703593,0.7744121493456901,0.17349964422506328
0.4933813603616567,0.8677814820537451,0.3072610989312878
0.8808843062203612,1.0543970722678333,0.3458506111192677
0.44072752230558454,1.0041395139374047,0.12213002348863994
0.7533981243638816,1.2183026959532866,0.12315855432248803
0.2982653665193466,0.6694317544347892,0.11481446408250694
0.5047129417612689,1.1350151100257493,0.04851614502025188
0.4239198403863478,1.0322158375126171,0.0719628324465184
0.4163269764977697,0.9735648507282406,0.11896613925408861
0.8439559301494571,1.2070970350918606,0.17666079145493294
0.8046503502434209,1.2591721467871737,0.10691866900788241
0.3552101324232195,0.8626119762449164,0.1352659580719604
0.5744928062363157,1.1016606745644326,0.13412585547008643
0.8158567680002313,1.1925605881865966,0.17810428860961453
0.39295315326351,0.8623252610653868,0.204326374758223
0.7243978413271918,0.714151198596423,0.6107522916391775
0.8015030932476466,1.31457701678701,0.05151379900804613
0.5979102769633062,1.2080937745543237,0.041342587028076444
0.31712039615941645,0.7974555206692513,0.08150068562202965
0.8884819184726088,1.318505856431383,0.08174182695571802
0.5657285793437025,0.8462206106135641,0.3826189582237472
0.33175243895906054,0.7561780145407437,0.1917337790300097
0.4721884456170099,1.129251326231231,0.027639823467973623
0.8269979136840647,1.0805183630991562,0.29462690521728374
0.37731829521582716,0.9943815706866964,0.041236739586822835
0.46145509128392365,0.9868024947546314,0.1604224188806364
0.7771516595268041,1.2395110121902067,0.11219491476623106
0.4460349372819967,0.9085897423200193,0.21767979510602545
0.8232556848443523,1.3028161537548213,0.07232911456161861
0.6722649534011128,1.219073800958517,0.07876916041951079
0.9060053263156167,0.7240592407243783,0.6844225534800717
0.8414985744022833,1.3731723947068915,0.010585431839902154
0.970716126596048,1.2758516451259125,0.15941393858781294
0.9445852398929079,1.0564356206521661,0.36751908089604096
0.31542840671281913,0.5685482460791424,0.3104079602121384
0.22746293264986367,0.34265062351091424,0.02349653731195614
0.5370455632940655,1.0500362479477738,0.1570099716698841
0.8745701938865814,1.3828625972835713,0.013299187378657408
0.32592330371804024,0.8133645111588131,0.10087640261277966
0.5254141054774534,1.186669607963741,0.012802166609327719
0.24041152853717118,0.4612131325374219,0.03945148531876177
0.42413293370282035,1.0173164627180278,0.08686220724110782
0.7628494172477809,1.0867559946799255,0.2598901930777456
0.3987606664247171,1.0497180806995177,0.01693355512409208
0.5632625567301278,1.2177686154732947,0.011070953364016468
0.9567918597624019,1.291582169963997,0.136053534230541
0.8906648155012784,1.310792915095181,0.09362125401535784
0.8440329684742817,1.1547521862736208,0.2290056402731728
0.9234047582571799,1.071495459308512,0.34486041197211686
0.39531632984189136,0.7393430964988159,0.3273085393247939
0.5758319586016103,1.0950507945986967,0.14073573543582232
0.9852364412451557,1.3672172676896834,0.07186156693779394
0.4084246833664874,1.0084878932971608,0.07185599137467669
0.4424477985137064,0.971533152117244,0.15473638530880074
0.5722644201492354,1.1989494152048328,0.03683711482968622
0.7403575082669497,1.268024115185233,0.06807086833509013
0.9530420184982493,0.9743588652234234,0.45327683897111476
0.4878133998099575,0.9085984915389755,0.2574087149229675
0.8238920110878954,1.149273246015215,0.22587202230122472
0.8419668516336954,1.1815924836016338,0.20216534294515967
0.8104811523989482,1.113551180573936,0.2571136962222751
0.22130695597803451,0.2695646369837893,0.0965825238390811
0.5418288719471805,1.1229455077349135,0.09153354893999856
0.8141549264507602,1.303502210874587,0.0671626659216239
0.48161313915401915,1.0820985251755346,0.08390868128640844
0.3518825552725047,0.9913456016594266,0.006532332657450079
0.39052736472181454,0.838680474402574,0.22797116142103574
0.9696778998695008,1.3310064854117432,0.10043035055409825
0.5198035283712704,0.8839211585017853,0.30772582757636424
0.7536230173124373,1.179570031219778,0.16189121905599646
0.6251968657248441,0.9901453832696507,0.27862918844688916
0.8549058365394431,1.234428673772853,0.15348793686292928
0.7973598808393219,1.1234169204240114,0.23798334563885362
0.5305155102519633,1.1467918762784886,0.06025434333916933
0.7842676173572147,1.1991321615203092,0.15748660933971442
0.4783542969896044,1.0974874097011749,0.05940373999802951
0.7424111560980075,1.245797910068723,0.09029707345160005
0.7406340430171224,1.1649961295654219,0.17109885395490115
0.5468571277724078,1.1061441983534996,0.10833485832141247
0.7798315756948382,1.2631815383692053,0.08852438858723247
0.8821563085186251,1.1083125353091015,0.29193514807799953
0.39516579859983725,0.783946393372075,0.2827052424515349
0.5339367608268509,1.1565687083767555,0.050477511240902426
0.9397375604604702,1.3272882576073404,0.09290183046584657
0.5788437067616083,0.9866532452549324,0.24913328477958668
0.9481116204128528,1.3526305023875613,0.07132419916064574
0.8390487421841347,1.1021104182234462,0.2773955688356427
0.6077811998491991,1.0891405699060168,0.16678464841376234
0.2207219763676386,0.31965193377487156,0.04649522704799884
0.748729377234195,1.2597451583659087,0.07634982515441434
0.2290486079851718,0.3214159213427296,0.04473123948014079
0.3321918288968776,0.890661536465609,0.0572502571051444
0.5287213993110792,1.1212596412300058,0.07821213334306289
0.6031413040331006,0.9719490315491817,0.28397618677059744
0.6217738339430046,1.1118263275530995,0.15694824416344047
0.7955498811778962,1.100567859820607,0.260832406242258
0.6914383796449761,1.0245901892156888,0.2840284137338137
0.7430706553334158,1.107479857422272,0.22861512609805104
0.359526608819376,0.9777429607610597,0.02013497355581702
0.9822064754947686,1.102610663422209,0.33646817120526845
0.7777999882909974,1.3133331396618269,0.03837278729461087
0.6751302084353914,0.9203492389237773,0.37749372245425056
0.32574165636276614,0.9098989889985483,0.004341924773044502
0.4183531590319516,1.0724852233107605,0.020045766671568703
0.5703590872483267,1.1563180087121414,0.07946852132237754
0.6969633138230125,1.0440632851792127,0.2645553177702899
0.6145857646008955,1.2358155196839327,0.026641115745756467
0.8736335105933464,1.386238693443219,0.009923091219009814
0.5683707257248564,0.8760043901579873,0.352835178679324
0.2393903429505891,0.3686646813781497,0.06629737293035372
0.6411052513542329,1.17612919108702,0.10472082712837566
0.373417762764367,0.9298117012805653,0.10580660899295395
0.697203154459866,1.283760445708357,0.02485815724114573
0.9364264120118723,1.3873780416029848,0.03281204647020211
0.3270826168162969,0.5334903826372885,0.3807505311343043
0.234476730429607,0.41239739012724236,0.022564664181260994
0.32131578313942377,0.7834160787751662,0.13082483499642658
0.9145277970115533,1.2493043722713053,0.1631493929316023
0.5286083867042176,1.0363747839467965,0.16309699062627225
0.36450652433754693,0.7719331590585747,0.2458109792081706
0.3103482523374957,0.870412994004162,0.008543212287118861
0.5434864319985362,1.0508483105601512,0.16363074611476106
0.3027423551055138,0.7725791662166973,0.06065970741087497
0.7071605844970467,1.1935709076821095,0.12050516958806434
0.29641204011442235,0.778052650282111,0.006193568235185109
0.5768020499674879,1.221700947352308,0.014085582682210948
0.9311152528329093,1.3793765207377062,0.04081356733548084
0.5430042353016674,0.7949439172386088,0.41953513943630333
0.4607365994132865,1.0650089726040157,0.08221594103125215
0.6673433712619214,1.1070529805418712,0.18526760708166637
0.3922647154042837,0.9508680735891114,0.11578356223449834
0.34591024157980577,0.8827000164521687,0.09198054237189292
0.2673074631238602,0.5184558799558997,0.08631905961511119
0.7516550727709885,1.2011673580327709,0.14029389224300373
0.5554029798956183,1.2111877506942539,0.010584759120382025
0.6869490110915051,1.207125022933507,0.09613416874459191
0.39927688557093544,0.8961561258509293,0.17049550997268045
0.6971840886889467,1.1673979744784928,0.1412206284710097
0.5043649988116992,1.133763433750127,0.04976782129587417
0.22085144885557606,0.34504055246119336,0.021106608361677066
0.5692127303419967,1.0673280594707506,0.16151150936656075
0.8740157198825922,1.2179257536435237,0.17823603101870494
0.9710228308688266,1.33546596522308,0.09979961849064563
0.9302885144332202,1.2796626004738236,0.14052748759936348
0.3518387651352338,0.9210078584882486,0.07687007582862813
0.4747684233481877,1.006974812771214,0.14991633692799045
0.42455531487852194,0.809734669256414,0.2944440007027216
0.7931488118931488,1.308377981610761,0.05302228445210395
0.31553526254695363,0.7508533091878797,0.12810289710340117
0.2598667192799614,0.39023899985555377,0.1642613003340072
0.296728870645461,0.7576544276656063,0.026591790851689855
0.7370942901195581,1.2923130699806276,0.03821955508280048
0.6811515395140071,0.9876050042969313,0.31565418738116763
0.962328315174556,1.031771288727187,0.3996655472386542
0.9042199508083617,1.1778122885714355,0.23066950563301464
0.35859946575869095,0.9846755053762334,0.013202428940643392
0.568724841643222,1.107761828590387,0.12107774024692435
0.41909396340874644,1.0129550694336567,0.07957592054867267
0.6118615611099221,1.2619263607408338,0.0005302746888554203
0.4933099395771712,1.0064982551639399,0.16854432582109308
0.2747818737238243,0.4478133229016985,0.22370500115668304
0.6196155177605783,1.1161735043189784,0.14628313111071065
0.9196351841361219,1.4062379935856328,0.006215771617274769
0.9637692455990549,1.4115339344236948,0.019902901542146495
0.25204050700020936,0.49022897889398576,0.06427132129557521
0.7257813545170803,1.135622517857384,0.1892809723782165
0.6655527969925389,1.1142993408021786,0.17802124682135892
0.5989684475889898,1.051010991109477,0.19842537047292302
0.9760821024742851,1.3421235831292317,0.09314200058449394
0.3993007018077144,1.0236668232890143,0.042984812534595455
0.7275757332421485,1.2886463732631748,0.03625711697242565
0.47116949744514514,1.1122676937028646,0.044623455996339864
0.34959033225888364,0.8916882861795589,0.08299227264450268
0.8300577627763562,1.122970640837183,0.2565353462219059
0.3656189487822241,0.8632565224478932,0.15448761581885212
0.6501766601100576,1.2732430728987636,0.013410759039238664
0.32710066610945276,0.7524163760941214,0.16182453767747135
0.6684210431446295,1.1945734339016159,0.09774715372192173
0.9598290936675785,1.4048005481518984,0.022835156042639873
0.5091417932091069,1.032425999201944,0.15110525584405715
0.6420918771213775,1.004421643760007,0.27642837445538865
0.9515229171143736,0.9596650780030791,0.46797062619145907
0.8882951669695482,1.242971440556124,0.15727624283097685
0.30116990746042893,0.6510407870302417,0.18219808659733058
0.6990788909907677,1.1567467747638112,0.15187182818569148
0.24589984248510746,0.4730214450552407,0.027643172800942948
0.438424284881751,1.0325623993426323,0.08270531138503709
0.4704036413853482,0.8237549384022081,0.33313621129699633
0.371792081290973,0.8211085730495211,0.2145097372239981
0.5952283380184421,1.1217831096604045,0.12765325192199561
0.9652193675906582,1.2671836897607067,0.16425314620513473
0.9570324275801364,1.2101028493364558,0.2175328548580825
0.7155353706421396,1.126141437008273,0.19341329635091845
0.5723802759477857,1.0956546643038276,0.14013186573069134
0.9087087360060488,1.3435684533272154,0.06491334087723459
0.6810988390825256,1.1516004680267073,0.1516587236513916
0.40884158834995743,1.064181910783154,0.01616197388868366
0.5280228804848426,1.0749643812621106,0.12450739331095818
0.8688479892518607,1.1711831708375482,0.22082411779751077
0.5664237139481322,1.095899168038031,0.13294040079928018
0.25614698850611006,0.5428348238868512,0.011665476302709787
0.22231715710137218,0.3467567875824875,0.01939037324038287
0.6748966867024169,0.9194031822853854,0.37843977909264237
0.7327515921040292,1.2971689794482582,0.0333636456151697
0.5885833141569754,0.8432371577997262,0.39949738989686495
0.9245904130574337,0.9110538773219128,0.505301993958716
0.6299692529896818,1.212343410980821,0.056431160735718834
0.4598756714699502,0.7827271960044244,0.3542228696861646
0.5488724482552018,0.9695224790860583,0.24495657758885395
0.6667651690195802,1.1700212071239122,0.12229938049962534
0.3581602089347262,0.9537124009224279,0.04416553339444882
0.6409594043857079,1.2267954985885219,0.054054519626873895
0.7925644883149682,1.2740091144590235,0.08739115160384146
0.498452611806251,1.0867957905243328,0.0882467904607
0.4497612073031797,1.0552619168802475,0.07100762054579728
0.5255474220412168,1.0972399353991213,0.1022318391739474
0.8718699265096392,1.0971032899721198,0.2990584946901088
0.8620089228960063,1.1298937737422623,0.26211351489279666
0.8885725114518959,1.0723795613912204,0.32786812199588056
0.41518611574155456,1.0684615596068565,0.0240694303754727
0.3779608599519834,0.9670622245922446,0.06855608568127472
0.2488027145877172,0.3773751984212922,0.1232894194348915
0.6938720003550476,1.3075496594634481,0.001068943486054547
0.22441138442231987,0.2717869601413205,0.09436020068154992
0.4085054315422998,0.9953199989294839,0.0850238857423538
0.4967089579926487,0.9025023638871664,0.27254021709786647
0.33351013850122824,0.8856428224397255,0.06226897113102797
0.275503019235848,0.6050481436716633,0.06647018038671829
0.6460964906650655,1.0677013475379404,0.21314867067745516
0.7828929859655442,1.251426085349975,0.1051926855100487
0.9833083800752576,1.3974692540939866,0.0416095805334908
0.9035556728559093,1.352843459983858,0.0556383342205921
0.43060239936294764,1.0746446955767295,0.040623015150939815
0.8477722003492901,1.1667310649206555,0.2170267616261382
0.7564931771566598,1.2040041634506773,0.13745708682509716
0.8597498152820093,1.3133796983470731,0.07453691228870889
0.5691140998914008,1.1852097968492141,0.04362977198809715
0.8586765126009509,1.135190756235684,0.25272585440009815
0.4425863595990027,1.1232441346784403,0.0030254027476044037
0.30695948810922313,0.796041015351108,0.03719785827646425
0.6666914933998704,1.2586560782209582,0.03366450940257941
0.3992133073562723,1.0040401120144822,0.0626115238091277
0.5921557083736434,1.2270041936418357,0.02243216794056442
0.3641713795897045,1.003987405006745,0.013756733260000363
0.9819052848511727,1.2863102316651949,0.15276860296228262
0.7513841619320438,1.1834994110972246,0.15796183917855008
0.6631201705562597,1.2676192819961711,0.024701305627366332
0.6509029717347936,0.9338758919486869,0.3527779399893154
0.5994765290723838,0.8992842621328124,0.3501520994495876
0.5085300918006959,0.9757445183559144,0.20778673669008677
0.8965070730913455,1.1529536905005635,0.25146047860997534
0.3614507245302902,0.9875822484502343,0.030161889816510995
0.6550160129557966,1.2258777836201793,0.060776048317823024
0.9764053550673961,1.1872508425664159,0.24801474114730965
0.9621328015160051,1.1007958644945774,0.33064097147126403
0.8557821631789924,1.2128334108174854,0.17508319981829673
0.5651760351995492,1.1447505361710846,0.08408903266622673
0.47847108771090396,1.136283979664744,0.020607170034460616
0.3318150273901998,0.939422761349771,0.008489032220982358
0.4758381627105214,0.8298135279040819,0.3270776217951225
0.3817175346384488,0.8188112492009523,0.23383853716460395
0.54951713938296,1.2110772406992945,0.0034018159756176967
0.9402959662717163,1.257376262225667,0.16657843932254
0.5333128116559092,1.1004154607568517,0.10663075886080611
0.3329627436143939,0.7586830538683994,0.18922873970235396
0.8357310159688427,1.3411874507429715,0.0383185363161174
0.6170232506996486,1.221666638021821,0.040789997407868
0.44249360559026485,1.005009079135048,0.12126045829099681
0.6080058663385766,1.0991300259756902,0.156795192344089
0.9883673412987104,1.3457975359898195,0.09328129863765779
0.8325322984898285,1.1389048422241572,0.24060114483493164
0.547145513385076,0.9384022859127343,0.2760767707621778
0.9792953971678836,1.321802755160301,0.11346282855342454
0.501327516048363,1.0491387992737629,0.1343924557722382
0.6945756587444785,1.190707470775031,0.11791113217447162
0.5489788315115287,1.199638081069634,0.014840975605278193
0.5478342701669908,1.078750872686993,0.13572818398791922
0.7023417867591665,1.290402830257332,0.023673247012841812
0.5898574153296242,1.0252840932857716,0.2174504544108196
0.5976440937274778,1.2310579967083282,0.018378364874071934
0.9004083341953296,1.3769427369957266,0.03153905720872362
0.8926678260511517,1.3666836862560001,0.03773048285453858
0.22800885265370696,0.2660776733728263,0.10006948745004411
0.2480167084555141,0.4039683368180593,0.0966962810381243
0.3737013128837946,0.959442297823293,0.07617601245022616
0.47614613568401354,1.1203076181359402,0.03658353156326442
0.3268532278557299,0.8409028082802814,0.07333810549131131
0.2558560381007919,0.4492949111762824,0.10520538901327861
0.3413105320690555,0.9098513957708045,0.06482916305325703
0.3549794862187774,0.8513766276738062,0.1465013066430706
0.22751618377241187,0.30852065152159686,0.057626509301273575
0.27691964992511187,0.408363842122844,0.26315448193553753
0.39715044104308905,0.9034465337782918,0.16320510204531796
0.40511407256165716,1.0247350883795985,0.055608796292239096
0.3494078539847487,0.7824545153948742,0.19222604342918737
0.7930774567953693,1.2654633604034946,0.0959369056593704
0.30336476185981986,0.7900341949310911,0.04320467869648128
0.7312619848181795,1.299126991281162,0.03140563378226587
0.42297503782772217,1.0586324322089904,0.045546237750145234
0.44195516684517905,1.0188393466649353,0.10743019076110953
0.42420638016243395,1.077521119956971,0.026657550002164677
0.835377876282701,1.2017851673742073,0.17772081968488154
0.9275154808511257,1.3463249415253005,0.07003092975532826
0.43330238625292655,0.9838939864285949,0.13137372429907448
0.9726746029447433,1.2872489090194819,0.1480166746942438
0.8965462275299078,1.3657288889251638,0.038685280185374975
0.7386717315745139,1.2546031953513643,0.07592942971206364
0.603245464248973,1.13295851190806,0.12296670641171899
0.5747104866841625,0.9984322293612904,0.2373543006732286
0.9792181988188899,1.375463569465571,0.059802014248154504
0.28576125384600526,0.5262791092899316,0.19148954323737688
0.5117340829651038,1.1398279799863575,0.051819006091792116
0.5801095306093309,1.198310714425033,0.04442383327155833
0.643274830783619,1.1405110199826698,0.14033899823272597
0.9827478051231961,1.1131989635267712,0.3258798711007063
0.3290371858067686,0.6942945608056208,0.21994635296597198
0.8467554734308785,1.345714077771184,0.03804374877560963
0.6938520164278582,1.2923665292102657,0.016252073739236973
0.43178327605531264,0.9226883175737715,0.19257939315389788
0.5106368718818618,1.0706495224232153,0.1209974636549342
0.7764034888482818,1.3235966287173517,0.028109298239086065
0.37338344686412517,1.0226093726069119,0.013008937666607405
0.3050546825278635,0.7605427294454807,0.07269614418209158
0.8542024449605976,1.376015047549691,0.011901563086091091
0.5556273894327812,1.1082212933719928,0.11355121644264315
0.46378263537025355,0.9549850459215349,0.192239867713733
0.8722181239188309,1.282056121752046,0.11410566291018256
0.3072113449662888,0.7247469143455292,0.10849195928204314
0.5357427663864996,0.8077459697749578,0.3993002498427001
0.9605081723174221,1.0067507927623498,0.42468604320349146
0.9469528954438797,1.1053629123683393,0.31859178917986775
0.9810806890660283,1.3939830879850132,0.045095746642464275
0.7377217644186467,1.1837329606043394,0.14679966445908849
0.5770349026763325,1.1800054407957514,0.05578108923876747
0.3467598552409144,0.9353041410301428,0.039376417793918796
0.6235653053714663,1.2483263811350473,0.020448190581492654
0.23588446388855958,0.32457386358306617,0.11038819072543722
0.909166042349015,1.255255734779098,0.15322605942535197
0.3002754421463752,0.8025199876614946,0.030718885966077743
0.9794821297858476,1.3864488078673345,0.04881677584639115
0.23683017236973347,0.3275390737998911,0.10742298050861226
0.8102308105838381,1.1077635773174288,0.2629012994787823
0.8209308721370036,1.0130107961899868,0.36213447212645294
0.9609648010275977,1.4185579134089656,0.012878922556875654
0.2265102936361368,0.3599190081671155,0.006228152655754922
0.5029793828369974,0.9571172703442273,0.22641398470177376
0.4605059952478482,0.9442703452884393,0.2029545683468285
0.4831968394899785,1.0715295951180757,0.09447761134386755
0.3334351775518865,0.7803173575929601,0.16759443597779336
0.7966322093944523,1.0497131889476201,0.3116870771152449
0.24175034442452933,0.4107507827053335,0.08991383515085016
0.8662624883534118,1.2707524735067457,0.12125481512831335
0.5693955031890078,1.2145783362411327,0.014261232596178546
0.7186958647349713,1.0784701617462913,0.24108457161290017
0.3470425529298195,0.9726919083085063,0.001988650515555319
0.22952396235948389,0.35551728977381025,0.010629871049060135
0.3870712985224368,0.7858805763638061,0.26676921000174997
0.5240974771152154,1.0509796012339236,0.14849217333914516
0.9374777859353716,1.3700050237840122,0.05018506428917473
0.2644369414399514,0.5611281376737647,0.043646801897246186
0.5814153584839523,1.1891586105754142,0.05357593712117711
0.47870854529893037,1.1291856385475918,0.027705511151612572
0.7089454475981665,1.0470167375452077,0.26705933972496604
0.6162402414376063,1.1824029497936108,0.08005368563607819
0.31576971429167555,0.6439590632604697,0.23499714303081123
0.6770976843573678,1.1843263581889352,0.11351660318909257
0.3737081303572957,0.8531049162486027,0.1825133940249165
0.3422211646946409,0.8895744743805921,0.08510608444346947
0.9725270064583399,1.3827126536094752,0.052552930104250335
0.5524266236286289,1.0336091003568895,0.18816340945774648
0.5638869959419588,0.9596135604301619,0.2692260084071494
0.9857821684323362,1.3681580018765191,0.07092083275095833
0.8348948393807779,0.9644540002169795,0.4150519868421095
0.965199543029031,1.286830968024263,0.14460586794157837
0.5947822221817228,0.9519518208899381,0.2974845406924619
0.5307863359083773,1.1476038063118597,0.05944241330579817
0.31140204145133954,0.6977201450723303,0.18123606121895067
0.6305459944483621,1.2439989663875495,0.030894100553782722
0.601065069296971,1.2089424801128648,0.04698273820691445
0.6840416250586095,1.0602344214958361,0.24302477018226284
0.7254638817323453,1.018699435760895,0.3062040544747056
0.8339296994395603,1.2541365627442114,0.12536942431487746
0.32734346183730756,0.6276530403454637,0.2865878734261292
0.4534096712803859,1.1133033459396366,0.023646719750952408
0.4110530436486807,0.9756405766498676,0.11689041333246167
0.7000573524320806,1.0544109875117127,0.25966508975846103
0.4660004341099765,0.9817966671035235,0.1654282465317444
0.6085906259309228,1.0177194583705012,0.23820575994927803
0.7231326307760554,0.9984812382009522,0.3264222520346482
0.8166335338870605,1.0659024107433837,0.30476246605282753
0.9590486246309442,1.308827825420356,0.11880787877418213
0.8573116996165706,1.251931694049321,0.1359849165864611
0.9036536548465907,1.3556278445370946,0.05285394966735555
0.22673486819524993,0.3525417178571463,0.013605442965724112
0.44037321571272836,1.0806302098500622,0.04563932757598265
0.5830013623957934,1.05436364511459,0.18837090258200123
0.6051497466759137,1.2507317748257634,0.00519344349401579
0.7057813180456254,1.2536454324535868,0.06043064481658709
0.37694607488694254,0.7412498402285628,0.29436847004495653
0.32698824807578375,0.8281537301615134,0.08608718361007943
0.8870961521897317,1.198075924693173,0.20217175869392812
0.7450901215964635,1.2326922194874168,0.10340276403290637
0.7152898448789453,1.205826339041153,0.11372839431803845
0.7232813108185603,1.283673946026662,0.04122954420893861
0.8739524838191517,1.2373155721268554,0.15884621253537343
0.908149455445513,1.1689942498922614,0.23948754431218863
0.38765639112744266,0.8333209529582962,0.21932883340725995
0.4022583604405022,1.0246119271050274,0.05573195756681037
0.827191287009732,1.1646599949190093,0.21048527339743045
0.5742922013620174,1.0025599202997384,0.23322660973478065
0.7846234559141182,1.2678765234929834,0.08874224736704034
0.2849191974431426,0.699281941804591,0.018486710722717486
0.44200250123039697,1.07540381219698,0.05086572522906466
0.6752089151811627,1.0478494743001523,0.24999348707787547
0.7942001295771369,1.3579642863412682,0.003435979721596878
0.3634680376305003,0.874500135105162,0.1432440031615834
0.4615073960674537,0.9517951033513417,0.19542981028392628
0.4337239920587395,1.0517762169504061,0.0634914937772633
0.8546974276302308,1.2979655195788384,0.08995109105694372
0.49492350035779786,1.0443684195840495,0.13067416140098334
0.5185004960492388,1.0990649419769338,0.09258204410121564
0.4199570530722267,0.9401647476999466,0.15236624228238266
0.2755510613241048,0.6037572555826722,0.06776106847570923
0.23515229287620334,0.4290143257935721,0.005947728514931227
0.3506538086515175,0.9376886778346509,0.060189256482225825
0.22663756624537582,0.3284458433694485,0.0377013174534219
0.7772034622759311,1.335408320903993,0.01629760605244458
0.42809349615007053,1.0999796438300358,0.0041990261290998
0.7916925337133667,1.2059036321332002,0.15549663392966492
0.800662451647346,1.2929306695618257,0.07316014623323061
0.4894275865176577,0.9220307566608118,0.24397644980113134
0.2576547320812714,0.5207254928000572,0.03377480738950377
0.6626107128826207,1.2468188880449804,0.045501699578556994
0.9887533086075979,1.3886449263705167,0.0504339082569608
0.34730625364746925,0.9184001549946424,0.05628040382941909
0.8378082258221642,1.3757680875066058,0.00373789955248312
0.367430306928785,0.941977964846906,0.07576617341983942
0.44785737435254297,1.0623195168568573,0.06395002056918737
0.8261800393959898,0.990066753207535,0.3850785151089048
0.25418593006142376,0.38105074119786186,0.1734495589916991
0.9709287625842665,1.265483191327582,0.1697823923861437
0.536186576418978,1.0867010245257418,0.1203451950919161
0.45850912337403027,1.0380605995171808,0.09888946617340827
0.6815402663556006,1.2989048767232663,0.004354314954832732
0.928514971071202,1.3267225713746569,0.08963329990597199
0.44012146220176285,1.0955112779513925,0.030758259474652203
0.5031853445827787,1.1690211961135852,0.01451005893241597
0.7867190864649317,1.2153573105746152,0.14126146028540848
0.4321320746490981,0.9378390101935111,0.1774287005341583
0.9262649535417774,1.2265015855358288,0.18985428574480004
0.9680187634056443,1.1564332736667913,0.27500356229905015
0.38859888534325926,0.9373045013028204,0.11534528506273578
0.22243996003166638,0.3610206880677897,0.005126472755080688
0.5115361022549374,1.152951889928461,0.03869509614968863
0.43041830305884377,0.9998515586838403,0.11541615204382907
0.5433593703337806,1.2001654709838634,0.014313585691048786
0.5094194125974885,1.1055555758096864,0.07797567923631457
0.7229133512323251,1.172341877152409,0.1525616130831915
0.8200964422852909,1.062413859448124,0.31273140886831563
0.9764237394784098,1.013658854677476,0.42160672903624946
0.44219665851702183,1.050265260263636,0.07600427716240876
0.4495070219639421,0.9925333845435438,0.1337361528825009
0.8233687953728348,1.3246220378671092,0.05052323044933067
0.3959735781203737,0.927449508701897,0.13920212712171282
0.7646946477559553,1.3306564079931162,0.015989779764554644
0.28995685983421576,0.5618682934238716,0.15590035910343691
0.7348173426723343,1.3216595859804519,0.008873039082976123
0.2858878011127655,0.6616979175039887,0.05607073502331983
0.7875918126089817,1.2526157619904543,0.10400300886956942
0.6988482987796047,1.2687477480426517,0.039870854906850856
0.7053981453391539,1.2341425774511612,0.07993349981901263
0.6295246675457024,1.184293820845972,0.08448075087056814
0.28795110793420775,0.6862907779429934,0.03147787458431502
0.612065616603532,1.0108515437265335,0.2516050917031556
0.45542582025117156,1.0071237871630814,0.12982627852750772
0.9695631899549961,1.258032924348208,0.1734039116176333
0.9314282077790235,1.3402434023430467,0.07994668573014038
0.6338534534252451,1.0631126741838168,0.21178039275751523
0.5250938868866264,1.098530738839623,0.10094103573344575
0.6636637346033233,1.1193378769843518,0.1729827106391857
0.5177364955170891,0.9444217516239349,0.24722523445421465
0.5069396978316598,1.1576797824799776,0.0258514725660236
0.3102654910479606,0.8407471398031877,0.03820906648809321
0.45988560755567987,1.1286368027814173,0.008313262909171708
0.909976401592504,1.1953005085047965,0.21318128569965364
0.9291514385879175,1.3411201572353697,0.0752357140452591
0.6153742368289784,1.256652372821542,0.005804262608147241
0.420819287447335,1.0524279665628213,0.05175070339631434
0.6073381840563264,1.232242458486118,0.02368275983366119
0.5020578435255122,1.17418964780529,0.009341607240710991
0.9137595389687875,1.0741298101428807,0.33832395506002705
0.7565182472411365,1.2878552825531524,0.05360596772262219
0.3958109620772836,0.948748823789234,0.11790281203437585
